seed,weight_init,normalization,augmentations,epoch,train_loss,train_acc,val_loss,val_acc,test_acc,converged_epoch
1,he,z_score,horizontal_flip,1,0.6499187016487121,0.7761607142857143,0.4963180506771261,0.8235714285714286,,
1,he,z_score,horizontal_flip,2,0.4119939717224666,0.8553125,0.4545974690805782,0.8435714285714285,,
1,he,z_score,horizontal_flip,3,0.3418352242878505,0.883125,0.4440696412866766,0.8471428571428572,,
1,he,z_score,horizontal_flip,4,0.2979296548451696,0.8994642857142857,0.42032268060879274,0.8507142857142858,,
1,he,z_score,horizontal_flip,5,0.2626942042580673,0.9127232142857142,0.4158559933304787,0.855,,
1,he,z_score,horizontal_flip,6,0.23380940422415733,0.9236607142857143,0.405695273659446,0.8591428571428571,,
1,he,z_score,horizontal_flip,7,0.20868527678506715,0.9342410714285714,0.4184338642792268,0.8598571428571429,,
1,he,z_score,horizontal_flip,8,0.18803714790514536,0.9430357142857143,0.41101991154930806,0.8602857142857143,,
1,he,z_score,horizontal_flip,9,0.16925992504826615,0.9505357142857143,0.4116871570998972,0.8627142857142858,,
1,he,z_score,horizontal_flip,10,0.15288256299282824,0.9579910714285714,0.41901038627732884,0.8611428571428571,,
1,he,z_score,horizontal_flip,11,0.1384442532594715,0.9636160714285714,0.4150567570870573,0.864,,
1,he,z_score,horizontal_flip,12,0.12485527267413479,0.9697321428571428,0.42055558426813644,0.8648571428571429,,
1,he,z_score,horizontal_flip,13,0.11398046710661479,0.9733482142857143,0.4147982031106949,0.8651428571428571,,
1,he,z_score,horizontal_flip,14,0.10298576931868281,0.9783482142857143,0.41827259944243866,0.8651428571428571,,
1,he,z_score,horizontal_flip,15,0.09414826091911112,0.9807142857142858,0.42709986134008926,0.8644285714285714,,
1,he,z_score,horizontal_flip,16,0.0861900428469692,0.9832589285714286,0.4231192010370168,0.8665714285714285,,
1,he,z_score,horizontal_flip,17,0.0777199538158519,0.9870982142857143,0.43125763711604204,0.867,,
1,he,z_score,horizontal_flip,18,0.07085997516555445,0.9894196428571429,0.4335117260163481,0.8647142857142858,,
1,he,z_score,horizontal_flip,19,0.06527433585375547,0.9900446428571429,0.4396571409973231,0.8652857142857143,,
1,he,z_score,horizontal_flip,20,0.059729318395257,0.9917410714285714,0.44753184101798316,0.8652857142857143,,
1,he,z_score,horizontal_flip,21,0.05448632922555719,0.9933482142857143,0.44966584511778573,0.8662857142857143,,
1,he,z_score,horizontal_flip,22,0.0506326126786215,0.9945535714285715,0.447992803291841,0.8662857142857143,,
1,he,z_score,horizontal_flip,23,0.04612026529652732,0.9956696428571429,0.45622340752319857,0.8677142857142857,,
1,he,z_score,horizontal_flip,24,0.042796882265912634,0.9963839285714285,0.45743286135521805,0.8654285714285714,,
1,he,z_score,horizontal_flip,25,0.040003604979387354,0.9966517857142857,0.45756498480385,0.8668571428571429,,
1,he,z_score,horizontal_flip,26,0.03662650938544955,0.9973214285714286,0.465420707247474,0.8681428571428571,,
1,he,z_score,horizontal_flip,27,0.034435460942664316,0.9980357142857142,0.46647504947402263,0.8675714285714285,,
1,he,z_score,horizontal_flip,28,0.031880433985165185,0.9983035714285714,0.4714814837683331,0.8684285714285714,,
1,he,z_score,horizontal_flip,29,0.029857251668082816,0.99875,0.47421364093368706,0.8667142857142857,,
1,he,z_score,horizontal_flip,30,0.027937954741397073,0.9988392857142857,0.4807857502590526,0.8687142857142857,,
1,he,z_score,horizontal_flip,31,0.026159770313118186,0.9992857142857143,0.48445966839790344,0.8652857142857143,,
1,he,z_score,horizontal_flip,32,0.024642809898193393,0.9992410714285714,0.48571588369933044,0.868,,
1,he,z_score,horizontal_flip,33,0.02313529675560338,0.9995982142857143,0.4860046446323395,0.8697142857142857,,
1,he,z_score,horizontal_flip,34,0.021676017799015557,0.9997321428571428,0.4910709887742996,0.8677142857142857,,
1,he,z_score,horizontal_flip,35,0.020566640812903644,0.9995982142857143,0.494590598480268,0.8677142857142857,,
1,he,z_score,horizontal_flip,36,0.01953130897932819,0.9997767857142857,0.49892145083709194,0.8668571428571429,,
1,he,z_score,horizontal_flip,37,0.01840509298523622,0.9998660714285714,0.5044830316847021,0.8677142857142857,,
1,he,z_score,horizontal_flip,38,0.01746972675302199,0.9998660714285714,0.5035117116841403,0.8677142857142857,,
1,he,z_score,horizontal_flip,39,0.016643567606806756,0.9999107142857143,0.5062052984129298,0.869,,
1,he,z_score,horizontal_flip,40,0.01582486551787172,0.9999107142857143,0.5122503131628037,0.8672857142857143,,
1,he,z_score,horizontal_flip,41,0.015156250393816403,0.9999107142857143,0.5122380501844667,0.8685714285714285,,
1,he,z_score,horizontal_flip,42,0.014526102830256734,0.9998660714285714,0.5171236195347526,0.8675714285714285,,
1,he,z_score,horizontal_flip,43,0.013865297649587903,0.9999553571428571,0.5178746998310089,0.8688571428571429,,
1,he,z_score,horizontal_flip,44,0.013194801405604396,0.9999107142857143,0.5272399344227531,0.8682857142857143,,
1,he,z_score,horizontal_flip,45,0.012684876053993191,1.0,0.5240681474859065,0.869,,
1,he,z_score,horizontal_flip,46,0.012137055921235256,1.0,0.5300577415661378,0.8685714285714285,,
1,he,z_score,horizontal_flip,47,0.011747671317841326,1.0,0.5283322523940693,0.8688571428571429,,
1,he,z_score,horizontal_flip,48,0.01124993220503841,1.0,0.5390929047356953,0.8668571428571429,,
1,he,z_score,horizontal_flip,49,0.010822856609177376,1.0,0.5381869194182483,0.8668571428571429,,
1,he,z_score,horizontal_flip,50,0.010481914151459932,1.0,0.5372664362192154,0.869,,
1,he,z_score,horizontal_flip,51,0.010059752486247037,1.0,0.5388906780969013,0.8694285714285714,,
1,he,z_score,horizontal_flip,52,0.009715564411931804,0.9999553571428571,0.5410424512895671,0.8674285714285714,,
1,he,z_score,horizontal_flip,53,0.009408889376957502,0.9999553571428571,0.5444695428013802,0.8678571428571429,,
1,he,z_score,horizontal_flip,54,0.00907913067777242,1.0,0.5454445730556141,0.8691428571428571,,
1,he,z_score,horizontal_flip,55,0.008760073727129825,1.0,0.5476871647618033,0.8681428571428571,,
1,he,z_score,horizontal_flip,56,0.00853908771649003,1.0,0.5501536157998171,0.8682857142857143,,
1,he,z_score,horizontal_flip,57,0.008260446760271276,1.0,0.5514384204691106,0.8685714285714285,,
1,he,z_score,horizontal_flip,58,0.00801096485861178,1.0,0.5549902508204634,0.8697142857142857,,
1,he,z_score,horizontal_flip,59,0.0077531536209530065,1.0,0.5558043918826363,0.8694285714285714,,
1,he,z_score,horizontal_flip,60,0.007549287680802601,1.0,0.5599643337455663,0.8691428571428571,,
1,he,z_score,horizontal_flip,61,0.007318555401704673,1.0,0.5582571448250251,0.8695714285714286,,
1,he,z_score,horizontal_flip,62,0.007133285032053079,1.0,0.5615774930878119,0.8691428571428571,,
1,he,z_score,horizontal_flip,63,0.006941623591285731,1.0,0.5659251171079549,0.8688571428571429,,
1,he,z_score,horizontal_flip,64,0.006750493040308356,1.0,0.564451072297313,0.8692857142857143,,
1,he,z_score,horizontal_flip,65,0.0065834588777007805,1.0,0.56716996810653,0.8682857142857143,,
1,he,z_score,horizontal_flip,66,0.006413983855662601,1.0,0.5706982814452864,0.8698571428571429,,
1,he,z_score,horizontal_flip,67,0.006263046282609658,1.0,0.5753669114275413,0.8682857142857143,,
1,he,z_score,horizontal_flip,68,0.006083285763327564,1.0,0.5761434946547855,0.8687142857142857,,
1,he,z_score,horizontal_flip,69,0.0059544212597289255,1.0,0.5767857196656141,0.8682857142857143,,
1,he,z_score,horizontal_flip,70,0.005802816252357193,1.0,0.5772502930326895,0.8692857142857143,,
1,he,z_score,horizontal_flip,71,0.005667631000147334,1.0,0.5773952704938975,0.8687142857142857,,
1,he,z_score,horizontal_flip,72,0.005538930181813027,1.0,0.5789534518664533,0.8695714285714286,,
1,he,z_score,horizontal_flip,73,0.005402050595730543,1.0,0.5829024625095454,0.868,,
1,he,z_score,horizontal_flip,74,0.005295731453225016,1.0,0.5838333132592115,0.8688571428571429,,
1,he,z_score,horizontal_flip,75,0.005180716015664595,1.0,0.5856264225461266,0.8695714285714286,,
1,he,z_score,horizontal_flip,76,0.005063193536230496,1.0,0.5855906183069403,0.8698571428571429,,
1,he,z_score,horizontal_flip,77,0.00495522789025147,1.0,0.5892976783893326,0.8687142857142857,,
1,he,z_score,horizontal_flip,78,0.00486487116664648,1.0,0.5892301041971554,0.8682857142857143,,
1,he,z_score,horizontal_flip,79,0.004752822710932898,1.0,0.5906839147210121,0.8697142857142857,,
1,he,z_score,horizontal_flip,80,0.004664979356208018,1.0,0.5935112628069791,0.8688571428571429,,
1,he,z_score,horizontal_flip,81,0.004559049342891999,1.0,0.5934889007698406,0.8701428571428571,,
1,he,z_score,horizontal_flip,82,0.004476557351382715,1.0,0.5962336075576868,0.868,,
1,he,z_score,horizontal_flip,83,0.004388790760588433,1.0,0.5968229761177843,0.8688571428571429,,
1,he,z_score,horizontal_flip,84,0.004295993992460093,1.0,0.5982010356404565,0.8691428571428571,,
1,he,z_score,horizontal_flip,85,0.004208654566401882,1.0,0.60156437700445,0.8688571428571429,,
1,he,z_score,horizontal_flip,86,0.004146026841231755,1.0,0.6007999941706658,0.87,,
1,he,z_score,horizontal_flip,87,0.004066912189591676,1.0,0.6010885620659048,0.8691428571428571,,
1,he,z_score,horizontal_flip,88,0.00399617957616491,1.0,0.6049098755825649,0.8687142857142857,,
1,he,z_score,horizontal_flip,89,0.003920913214263107,1.0,0.605256455459378,0.8681428571428571,,
1,he,z_score,horizontal_flip,90,0.003849945450866861,1.0,0.6070719796148214,0.8694285714285714,,
1,he,z_score,horizontal_flip,91,0.0037870664788143974,1.0,0.6083155930042267,0.8697142857142857,,
1,he,z_score,horizontal_flip,92,0.0037320103433116205,1.0,0.608553583920002,0.8692857142857143,,
1,he,z_score,horizontal_flip,93,0.003653887760758932,1.0,0.608766131373969,0.8694285714285714,,
1,he,z_score,horizontal_flip,94,0.0036014111419873577,1.0,0.6111350526863878,0.8694285714285714,,
1,he,z_score,horizontal_flip,95,0.0035389298795988518,1.0,0.6124124311588027,0.8691428571428571,,
1,he,z_score,horizontal_flip,96,0.00348397811409086,1.0,0.6145959676666694,0.8694285714285714,,
1,he,z_score,horizontal_flip,97,0.003423380278649607,1.0,0.6143652222373269,0.8701428571428571,,
1,he,z_score,horizontal_flip,98,0.0033799592428840697,1.0,0.6161106112328443,0.8695714285714286,,
1,he,z_score,horizontal_flip,99,0.003314671842713973,1.0,0.6173503574999896,0.8695714285714286,,
1,he,z_score,horizontal_flip,100,0.0032730627884822233,1.0,0.6185851554978977,0.8698571428571429,,
1,he,z_score,horizontal_flip,101,0.0032187200487325232,1.0,0.6187840667637912,0.8694285714285714,,
1,he,z_score,horizontal_flip,102,0.0031719134545086748,1.0,0.6235932721333071,0.8694285714285714,,
1,he,z_score,horizontal_flip,103,0.0031202582271570075,1.0,0.6215620355172591,0.8691428571428571,,
1,he,z_score,horizontal_flip,104,0.0030787660583986767,1.0,0.622446195781231,0.8698571428571429,,
1,he,z_score,horizontal_flip,105,0.0030285626789554954,1.0,0.6245749255472963,0.8692857142857143,,
1,he,z_score,horizontal_flip,106,0.002985196029767394,1.0,0.6252721846103668,0.8697142857142857,,
1,he,z_score,horizontal_flip,107,0.0029482443620716886,1.0,0.6264795009385455,0.8691428571428571,,
1,he,z_score,horizontal_flip,108,0.002900835019536316,1.0,0.6267623370343989,0.8698571428571429,,
1,he,z_score,horizontal_flip,109,0.0028580489195883275,1.0,0.6282540269873359,0.8704285714285714,,
1,he,z_score,horizontal_flip,110,0.002820910672058484,1.0,0.6293343274430795,0.8698571428571429,,
1,he,z_score,horizontal_flip,111,0.002781380163838289,1.0,0.6313672969287092,0.8697142857142857,,
1,he,z_score,horizontal_flip,112,0.0027481510606594383,1.0,0.6311332938345996,0.8698571428571429,,
1,he,z_score,horizontal_flip,113,0.002708985281808834,1.0,0.6327974197539417,0.8692857142857143,,
1,he,z_score,horizontal_flip,114,0.002667367171961814,1.0,0.6346504384821111,0.87,,
1,he,z_score,horizontal_flip,115,0.0026412086338470026,1.0,0.6345518980513919,0.8697142857142857,,
1,he,z_score,horizontal_flip,116,0.002606972367502749,1.0,0.635587328536944,0.8697142857142857,,
1,he,z_score,horizontal_flip,117,0.0025760350328138362,1.0,0.6357823526317423,0.8697142857142857,,
1,he,z_score,horizontal_flip,118,0.0025342558666930667,1.0,0.6367612623355605,0.8694285714285714,,
1,he,z_score,horizontal_flip,119,0.002506957322226039,1.0,0.6382248247211629,0.8697142857142857,,
1,he,z_score,horizontal_flip,120,0.002475146953282612,1.0,0.6389150561256842,0.87,,
1,he,z_score,horizontal_flip,121,0.002445045720253672,1.0,0.6411849223754623,0.8694285714285714,,
1,he,z_score,horizontal_flip,122,0.002412539606448263,1.0,0.6429881070147861,0.87,,
1,he,z_score,horizontal_flip,123,0.0023864317828390215,1.0,0.6431989931247452,0.8688571428571429,,
1,he,z_score,horizontal_flip,124,0.0023549753866557565,1.0,0.6423830354755575,0.8697142857142857,,
1,he,z_score,horizontal_flip,125,0.002330847471353731,1.0,0.6445446665991437,0.8694285714285714,,
1,he,z_score,horizontal_flip,126,0.0023021567074049797,1.0,0.6447757352482189,0.87,,
1,he,z_score,horizontal_flip,127,0.002273638858293582,1.0,0.6456634609536691,0.8698571428571429,,
1,he,z_score,horizontal_flip,128,0.0022430309059564024,1.0,0.6464463120157068,0.8697142857142857,,
1,he,z_score,horizontal_flip,129,0.0022190182153800767,1.0,0.647075938230211,0.8697142857142857,,
1,he,z_score,horizontal_flip,130,0.0021974457349694734,1.0,0.6487471381371671,0.8692857142857143,,
1,he,z_score,horizontal_flip,131,0.0021729185887878495,1.0,0.6494974072683941,0.8701428571428571,,
1,he,z_score,horizontal_flip,132,0.0021465127926785497,1.0,0.6520563682371919,0.869,,
1,he,z_score,horizontal_flip,133,0.0021242715513134108,1.0,0.6509979371320117,0.8698571428571429,,
1,he,z_score,horizontal_flip,134,0.0021018483564590237,1.0,0.6527941608970815,0.8694285714285714,,
1,he,z_score,horizontal_flip,135,0.002072590156125703,1.0,0.653741530938582,0.8691428571428571,,
1,he,z_score,horizontal_flip,136,0.002055851373754974,1.0,0.6535326751795683,0.8692857142857143,,
1,he,z_score,horizontal_flip,137,0.0020336051070730067,1.0,0.653839219158346,0.8698571428571429,,
1,he,z_score,horizontal_flip,138,0.0020088572256333594,1.0,0.6549638615413146,0.8697142857142857,,
1,he,z_score,horizontal_flip,139,0.001992153382161632,1.0,0.6561935564333742,0.8697142857142857,,
1,he,z_score,horizontal_flip,140,0.001970295294387532,1.0,0.6563922318545254,0.8692857142857143,,
1,he,z_score,horizontal_flip,141,0.0019503174251544156,1.0,0.6573590075427835,0.8697142857142857,,
1,he,z_score,horizontal_flip,142,0.00192949293330977,1.0,0.6585097896781835,0.87,,
1,he,z_score,horizontal_flip,143,0.0019088424070339118,1.0,0.6590531758286736,0.8692857142857143,,
1,he,z_score,horizontal_flip,144,0.0018881487438920886,1.0,0.6595329260284251,0.8692857142857143,,
1,he,z_score,horizontal_flip,145,0.0018706309795379638,1.0,0.6607341193340042,0.8691428571428571,,
1,he,z_score,horizontal_flip,146,0.0018513107128507857,1.0,0.6615876253355634,0.8694285714285714,,
1,he,z_score,horizontal_flip,147,0.0018324799572915903,1.0,0.6615047001025893,0.8695714285714286,,
1,he,z_score,horizontal_flip,148,0.00181735101621598,1.0,0.6637029963460835,0.8692857142857143,,
1,he,z_score,horizontal_flip,149,0.001798950154666922,1.0,0.6630290459502827,0.8698571428571429,,
1,he,z_score,horizontal_flip,150,0.0017788699631845312,1.0,0.6657194518230178,0.869,,
1,he,z_score,horizontal_flip,151,0.0017656521401035465,1.0,0.6648035714572126,0.8691428571428571,,
1,he,z_score,horizontal_flip,152,0.0017472538122508142,1.0,0.6663019368594343,0.8697142857142857,,
1,he,z_score,horizontal_flip,153,0.0017312574325062866,1.0,0.6670806875283067,0.8695714285714286,,
1,he,z_score,horizontal_flip,154,0.0017127333054252501,1.0,0.6683628449385817,0.869,,
1,he,z_score,horizontal_flip,155,0.001697827058045992,1.0,0.6678265528245406,0.8691428571428571,,
1,he,z_score,horizontal_flip,156,0.0016831889196432062,1.0,0.6685451416806741,0.8694285714285714,,
1,he,z_score,horizontal_flip,157,0.0016640691981384796,1.0,0.6703926189379259,0.8694285714285714,,
1,he,z_score,horizontal_flip,158,0.001651858183821397,1.0,0.6715575760061091,0.8692857142857143,,
1,he,z_score,horizontal_flip,159,0.0016379554325249045,1.0,0.6707213075323538,0.8692857142857143,,
1,he,z_score,horizontal_flip,160,0.0016237782520641174,1.0,0.6713744311170144,0.87,,
1,he,z_score,horizontal_flip,161,0.0016085240008708623,1.0,0.6728496284647422,0.8695714285714286,,
1,he,z_score,horizontal_flip,162,0.001595097941379728,1.0,0.6735880201513117,0.8697142857142857,,
1,he,z_score,horizontal_flip,163,0.0015806201725666012,1.0,0.6742744078690356,0.869,,
1,he,z_score,horizontal_flip,164,0.0015671745336814117,1.0,0.6744069583036683,0.8688571428571429,,
1,he,z_score,horizontal_flip,165,0.0015525981404685548,1.0,0.6753563383763487,0.8697142857142857,,
1,he,z_score,horizontal_flip,166,0.001538943332686488,1.0,0.6752645808187399,0.8697142857142857,,
1,he,z_score,horizontal_flip,167,0.0015249450965451874,1.0,0.6752145940607245,0.87,,
1,he,z_score,horizontal_flip,168,0.001514789268174874,1.0,0.6760116983543742,0.8695714285714286,,
1,he,z_score,horizontal_flip,169,0.00150134038861974,1.0,0.6783132420344786,0.8694285714285714,,
1,he,z_score,horizontal_flip,170,0.0014889531590909298,1.0,0.6781716135415163,0.8691428571428571,,
1,he,z_score,horizontal_flip,171,0.0014744368599661226,1.0,0.6795006211508404,0.8698571428571429,,
1,he,z_score,horizontal_flip,172,0.0014614580826102092,1.0,0.6788521199063822,0.8692857142857143,,
1,he,z_score,horizontal_flip,173,0.0014513917779549956,1.0,0.6802627589214932,0.8694285714285714,,
1,he,z_score,horizontal_flip,174,0.001439773726576407,1.0,0.6808726184747436,0.8691428571428571,,
1,he,z_score,horizontal_flip,175,0.0014278079727331975,1.0,0.6809948877854781,0.8691428571428571,,
1,he,z_score,horizontal_flip,176,0.0014163443256568697,1.0,0.6822019250555472,0.8697142857142857,,
1,he,z_score,horizontal_flip,177,0.0014020131408636058,1.0,0.6829538883133368,0.8691428571428571,,
1,he,z_score,horizontal_flip,178,0.001392732813422169,1.0,0.6833088267933238,0.8697142857142857,,
1,he,z_score,horizontal_flip,179,0.0013826505663538618,1.0,0.6849862064827572,0.8695714285714286,,
1,he,z_score,horizontal_flip,180,0.0013730046073240894,1.0,0.6842739609154788,0.8692857142857143,,
1,he,z_score,horizontal_flip,181,0.0013607276623536434,1.0,0.6853974429043856,0.87,,
1,he,z_score,horizontal_flip,182,0.0013518845406360923,1.0,0.6856501940976489,0.8698571428571429,,
1,he,z_score,horizontal_flip,183,0.0013407531006461276,1.0,0.6857207551598549,0.87,,
1,he,z_score,horizontal_flip,184,0.00132801942676971,1.0,0.6877489405599507,0.869,,
1,he,z_score,horizontal_flip,185,0.001318837705434167,1.0,0.687580794095993,0.8697142857142857,,
1,he,z_score,horizontal_flip,186,0.001307768254939999,1.0,0.689360073344274,0.8695714285714286,,
1,he,z_score,horizontal_flip,187,0.0013002868500604694,1.0,0.6884895527904684,0.8694285714285714,,
1,he,z_score,horizontal_flip,188,0.0012905729049816727,1.0,0.6893605691465464,0.8692857142857143,,
1,he,z_score,horizontal_flip,189,0.0012797464560883652,1.0,0.6891857259652832,0.8695714285714286,,
1,he,z_score,horizontal_flip,190,0.0012717001792874986,1.0,0.6904756178910082,0.8697142857142857,,
1,he,z_score,horizontal_flip,191,0.0012621796164395554,1.0,0.6906052382154898,0.8694285714285714,,
1,he,z_score,horizontal_flip,192,0.001252530914997416,1.0,0.6911852992393753,0.8694285714285714,,
1,he,z_score,horizontal_flip,193,0.001242693285374636,1.0,0.6914898640730164,0.8692857142857143,,
1,he,z_score,horizontal_flip,194,0.0012346689497852433,1.0,0.6920258654789491,0.87,,
1,he,z_score,horizontal_flip,195,0.0012247844808734953,1.0,0.6925145192579789,0.8688571428571429,,
1,he,z_score,horizontal_flip,196,0.001214506733896477,1.0,0.6931774387305433,0.8692857142857143,,
1,he,z_score,horizontal_flip,197,0.0012077286753005216,1.0,0.6948657463897359,0.8692857142857143,,
1,he,z_score,horizontal_flip,198,0.001200039321224072,1.0,0.695407809317112,0.8695714285714286,,
1,he,z_score,horizontal_flip,199,0.0011907174689362624,1.0,0.6948892180215228,0.8701428571428571,,
1,he,z_score,horizontal_flip,200,0.0011822479793668858,1.0,0.6961756769906391,0.8697142857142857,0.8684285714285714,200.0
123,he,z_score,horizontal_flip,1,0.6560970216989517,0.7758928571428572,0.4919762375679883,0.8318571428571429,,
123,he,z_score,horizontal_flip,2,0.4146862034712519,0.8571428571428571,0.43839070729234003,0.8468571428571429,,
123,he,z_score,horizontal_flip,3,0.34331413792712345,0.8799107142857143,0.42368408739566804,0.8548571428571429,,
123,he,z_score,horizontal_flip,4,0.29534247296197075,0.8978571428571429,0.4097981481389566,0.8594285714285714,,
123,he,z_score,horizontal_flip,5,0.260458551134382,0.913125,0.40197763537818737,0.8638571428571429,,
123,he,z_score,horizontal_flip,6,0.2309545819887093,0.9245982142857143,0.3919430533593351,0.8664285714285714,,
123,he,z_score,horizontal_flip,7,0.20686401394861084,0.9345535714285714,0.39347476268356496,0.8644285714285714,,
123,he,z_score,horizontal_flip,8,0.18614859610795975,0.9448660714285714,0.38713642873547294,0.8657142857142858,,
123,he,z_score,horizontal_flip,9,0.16819308246885029,0.9512946428571428,0.3863195492462678,0.87,,
123,he,z_score,horizontal_flip,10,0.1507360770021166,0.958125,0.3919270499186082,0.8665714285714285,,
123,he,z_score,horizontal_flip,11,0.137227954523904,0.9648660714285714,0.3920195603912527,0.8694285714285714,,
123,he,z_score,horizontal_flip,12,0.12493335563157286,0.9701339285714285,0.3869516199285334,0.8724285714285714,,
123,he,z_score,horizontal_flip,13,0.11290466502308845,0.9744196428571429,0.4001600540497086,0.8687142857142857,,
123,he,z_score,horizontal_flip,14,0.10231467871793679,0.9777232142857143,0.3994589307091453,0.8722857142857143,,
123,he,z_score,horizontal_flip,15,0.09378549655633313,0.9803571428571428,0.4032543061809106,0.8694285714285714,,
123,he,z_score,horizontal_flip,16,0.0847679902613163,0.985,0.4036832936785438,0.8701428571428571,,
123,he,z_score,horizontal_flip,17,0.07769242283489022,0.9864732142857143,0.4071072436191819,0.8708571428571429,,
123,he,z_score,horizontal_flip,18,0.07069096756300756,0.9889285714285714,0.40241425376046785,0.8741428571428571,,
123,he,z_score,horizontal_flip,19,0.06483280088220324,0.9904464285714286,0.4142205547202717,0.8718571428571429,,
123,he,z_score,horizontal_flip,20,0.05864795775285789,0.9921875,0.4159575467759913,0.8732857142857143,,
123,he,z_score,horizontal_flip,21,0.05419679984982525,0.99375,0.41648258607495914,0.8724285714285714,,
123,he,z_score,horizontal_flip,22,0.05011490810662508,0.9940625,0.4176495588638566,0.8741428571428571,,
123,he,z_score,horizontal_flip,23,0.04607044660619327,0.995625,0.4270862817764282,0.8711428571428571,,
123,he,z_score,horizontal_flip,24,0.04261624717818839,0.9961160714285714,0.4340138305317272,0.8718571428571429,,
123,he,z_score,horizontal_flip,25,0.039484528276537145,0.996875,0.434662119502371,0.8722857142857143,,
123,he,z_score,horizontal_flip,26,0.036494287002299515,0.9973214285714286,0.45151607529683546,0.8695714285714286,,
123,he,z_score,horizontal_flip,27,0.0339923401975206,0.9979910714285715,0.4429806820370934,0.8708571428571429,,
123,he,z_score,horizontal_flip,28,0.03162552496684449,0.9983928571428572,0.44481543668291784,0.873,,
123,he,z_score,horizontal_flip,29,0.02975520834326744,0.9985267857142858,0.4488620705225251,0.871,,
123,he,z_score,horizontal_flip,30,0.027481322320444243,0.99875,0.45279016359285873,0.8724285714285714,,
123,he,z_score,horizontal_flip,31,0.025901525087122405,0.9991964285714285,0.45380780033089896,0.8725714285714286,,
123,he,z_score,horizontal_flip,32,0.024493877033569984,0.9991517857142858,0.4555059021169489,0.8714285714285714,,
123,he,z_score,horizontal_flip,33,0.0228833474910685,0.999375,0.4610240164128217,0.8715714285714286,,
123,he,z_score,horizontal_flip,34,0.02166021223313042,0.9994196428571429,0.4673766507343812,0.8732857142857143,,
123,he,z_score,horizontal_flip,35,0.020198188251150506,0.9995982142857143,0.46696606359698556,0.8712857142857143,,
123,he,z_score,horizontal_flip,36,0.019182550978979893,0.9997767857142857,0.46969955319708045,0.8717142857142857,,
123,he,z_score,horizontal_flip,37,0.018172374315825957,0.9997321428571428,0.47221817347136413,0.8725714285714286,,
123,he,z_score,horizontal_flip,38,0.017362457755953072,0.9997767857142857,0.47506223266774955,0.8715714285714286,,
123,he,z_score,horizontal_flip,39,0.016503777719501938,0.9999107142857143,0.48088468624786895,0.872,,
123,he,z_score,horizontal_flip,40,0.01574958003658269,0.9999553571428571,0.4837531742724505,0.8731428571428571,,
123,he,z_score,horizontal_flip,41,0.015004823209185685,0.9999553571428571,0.48609814765778453,0.8722857142857143,,
123,he,z_score,horizontal_flip,42,0.014348041936755181,0.9999553571428571,0.48818893852559003,0.8725714285714286,,
123,he,z_score,horizontal_flip,43,0.01366764720662364,0.9999553571428571,0.49066889055750584,0.873,,
123,he,z_score,horizontal_flip,44,0.013104813202683415,1.0,0.4915093236348846,0.8721428571428571,,
123,he,z_score,horizontal_flip,45,0.012575639379876,1.0,0.4982148001139814,0.8722857142857143,,
123,he,z_score,horizontal_flip,46,0.012069900007918476,1.0,0.4972855803641406,0.8711428571428571,,
123,he,z_score,horizontal_flip,47,0.011583205819396036,1.0,0.5012332883748141,0.873,,
123,he,z_score,horizontal_flip,48,0.011129222704496768,1.0,0.5046246880834753,0.8742857142857143,,
123,he,z_score,horizontal_flip,49,0.010729760906126882,1.0,0.5080638931556182,0.8728571428571429,,
123,he,z_score,horizontal_flip,50,0.010366817249783448,1.0,0.5078002866018902,0.8711428571428571,,
123,he,z_score,horizontal_flip,51,0.009950246781642948,1.0,0.5110629165714438,0.8728571428571429,,
123,he,z_score,horizontal_flip,52,0.009635339226307613,1.0,0.5119808859445832,0.872,,
123,he,z_score,horizontal_flip,53,0.009296278473921121,1.0,0.5159271555868062,0.8725714285714286,,
123,he,z_score,horizontal_flip,54,0.009017869512151394,1.0,0.5173655385320837,0.8724285714285714,,
123,he,z_score,horizontal_flip,55,0.00872290846559086,1.0,0.5172488407655196,0.8722857142857143,,
123,he,z_score,horizontal_flip,56,0.008431109683588147,1.0,0.524088978767395,0.8724285714285714,,
123,he,z_score,horizontal_flip,57,0.008181783199044211,1.0,0.524811473895203,0.8718571428571429,,
123,he,z_score,horizontal_flip,58,0.007964163357391953,1.0,0.5264399169520898,0.8718571428571429,,
123,he,z_score,horizontal_flip,59,0.007715976065956056,1.0,0.5284593560478904,0.872,,
123,he,z_score,horizontal_flip,60,0.007520321039482952,1.0,0.5293245177377354,0.8727142857142857,,
123,he,z_score,horizontal_flip,61,0.007274397062802953,1.0,0.530863697420467,0.8735714285714286,,
123,he,z_score,horizontal_flip,62,0.007102727764951331,1.0,0.5319979586384513,0.8725714285714286,,
123,he,z_score,horizontal_flip,63,0.006873357510194182,1.0,0.5337885413657535,0.872,,
123,he,z_score,horizontal_flip,64,0.006699932544226093,1.0,0.5362300731919029,0.872,,
123,he,z_score,horizontal_flip,65,0.006530133630149066,1.0,0.5390040870417249,0.8721428571428571,,
123,he,z_score,horizontal_flip,66,0.006345674992938127,1.0,0.5402351888743314,0.8718571428571429,,
123,he,z_score,horizontal_flip,67,0.006200770142355136,1.0,0.5423391460017725,0.8722857142857143,,
123,he,z_score,horizontal_flip,68,0.006054611133544573,1.0,0.5445109902457758,0.873,,
123,he,z_score,horizontal_flip,69,0.00589894319817956,1.0,0.5445447046648372,0.8727142857142857,,
123,he,z_score,horizontal_flip,70,0.005773232231980988,1.0,0.5450975060462951,0.8722857142857143,,
123,he,z_score,horizontal_flip,71,0.0056421249825507405,1.0,0.5477392655881969,0.8724285714285714,,
123,he,z_score,horizontal_flip,72,0.005511893135096346,1.0,0.5491525664925575,0.8722857142857143,,
123,he,z_score,horizontal_flip,73,0.0053784190394383456,1.0,0.5520237559621984,0.8727142857142857,,
123,he,z_score,horizontal_flip,74,0.005252009676769376,1.0,0.5514679358764129,0.8712857142857143,,
123,he,z_score,horizontal_flip,75,0.005146768980859114,1.0,0.5543390447443182,0.8721428571428571,,
123,he,z_score,horizontal_flip,76,0.005027057988835233,1.0,0.5559380116787824,0.8717142857142857,,
123,he,z_score,horizontal_flip,77,0.004920247236732393,1.0,0.5563783645629883,0.8721428571428571,,
123,he,z_score,horizontal_flip,78,0.004823598901608161,1.0,0.5597760929302735,0.8727142857142857,,
123,he,z_score,horizontal_flip,79,0.004744599304561104,1.0,0.5594822734594345,0.8728571428571429,,
123,he,z_score,horizontal_flip,80,0.004640099726883428,1.0,0.5632014377550645,0.8725714285714286,,
123,he,z_score,horizontal_flip,81,0.0045425990077533895,1.0,0.5631715186617591,0.8731428571428571,,
123,he,z_score,horizontal_flip,82,0.0044513502564015135,1.0,0.5651429013772444,0.8722857142857143,,
123,he,z_score,horizontal_flip,83,0.004362676853114473,1.0,0.5664491268721494,0.872,,
123,he,z_score,horizontal_flip,84,0.004282041270884552,1.0,0.5662248070944439,0.8727142857142857,,
123,he,z_score,horizontal_flip,85,0.004201537255929517,1.0,0.569699122688987,0.8734285714285714,,
123,he,z_score,horizontal_flip,86,0.004119439905043692,1.0,0.5696399519389326,0.8732857142857143,,
123,he,z_score,horizontal_flip,87,0.004042778819400285,1.0,0.5713658202778209,0.8724285714285714,,
123,he,z_score,horizontal_flip,88,0.003981201975007675,1.0,0.5719382256269455,0.8724285714285714,,
123,he,z_score,horizontal_flip,89,0.003908629834518901,1.0,0.573166674240069,0.8731428571428571,,
123,he,z_score,horizontal_flip,90,0.003837150494967188,1.0,0.5759759813547134,0.8731428571428571,,
123,he,z_score,horizontal_flip,91,0.0037723799841478467,1.0,0.5766511341387576,0.8734285714285714,,
123,he,z_score,horizontal_flip,92,0.0037088148156180977,1.0,0.5773709252476692,0.8728571428571429,,
123,he,z_score,horizontal_flip,93,0.0036405042708585306,1.0,0.5792264614592899,0.8722857142857143,,
123,he,z_score,horizontal_flip,94,0.0035866944122660374,1.0,0.5786109466444362,0.873,,
123,he,z_score,horizontal_flip,95,0.0035243100353649684,1.0,0.5807942288843069,0.8727142857142857,,
123,he,z_score,horizontal_flip,96,0.00347766364625256,1.0,0.58282767561349,0.8722857142857143,,
123,he,z_score,horizontal_flip,97,0.0034162598668730686,1.0,0.5838539926843209,0.8727142857142857,,
123,he,z_score,horizontal_flip,98,0.0033539394794830256,1.0,0.5842686116695404,0.873,,
123,he,z_score,horizontal_flip,99,0.00330290047917515,1.0,0.5878288778391751,0.8724285714285714,,
123,he,z_score,horizontal_flip,100,0.0032637717524942544,1.0,0.586349786140702,0.8725714285714286,,
123,he,z_score,horizontal_flip,101,0.0032002383357446107,1.0,0.5879691098224032,0.8725714285714286,,
123,he,z_score,horizontal_flip,102,0.0031605300031203242,1.0,0.5889571563764052,0.8721428571428571,,
123,he,z_score,horizontal_flip,103,0.003114452333123024,1.0,0.5886243923143907,0.8727142857142857,,
123,he,z_score,horizontal_flip,104,0.003065570151832487,1.0,0.5901868576353246,0.8724285714285714,,
123,he,z_score,horizontal_flip,105,0.003021030935758193,1.0,0.5927188026634129,0.8725714285714286,,
123,he,z_score,horizontal_flip,106,0.0029740361659787596,1.0,0.592158629135652,0.8721428571428571,,
123,he,z_score,horizontal_flip,107,0.002934600113824542,1.0,0.5930736903439868,0.8728571428571429,,
123,he,z_score,horizontal_flip,108,0.0028911739251842455,1.0,0.5936344931071454,0.873,,
123,he,z_score,horizontal_flip,109,0.0028501100076495536,1.0,0.5975816279649735,0.8734285714285714,,
123,he,z_score,horizontal_flip,110,0.0028121436969377103,1.0,0.5976105493578043,0.8727142857142857,,
123,he,z_score,horizontal_flip,111,0.002775219201575965,1.0,0.5978851717981425,0.8727142857142857,,
123,he,z_score,horizontal_flip,112,0.0027359584825379507,1.0,0.5980635767633264,0.8732857142857143,,
123,he,z_score,horizontal_flip,113,0.0027031936859046772,1.0,0.6011142759160562,0.8717142857142857,,
123,he,z_score,horizontal_flip,114,0.0026551956314194414,1.0,0.6006407071243632,0.8727142857142857,,
123,he,z_score,horizontal_flip,115,0.002627154102415911,1.0,0.6017819985747337,0.873,,
123,he,z_score,horizontal_flip,116,0.0025969234799101417,1.0,0.6026558166200464,0.8721428571428571,,
123,he,z_score,horizontal_flip,117,0.0025617954356130213,1.0,0.6039322475140745,0.8727142857142857,,
123,he,z_score,horizontal_flip,118,0.002534254759749664,1.0,0.6053311436013742,0.8728571428571429,,
123,he,z_score,horizontal_flip,119,0.002499785545015974,1.0,0.6062823328104886,0.8731428571428571,,
123,he,z_score,horizontal_flip,120,0.0024610101513098926,1.0,0.6071159605275501,0.872,,
123,he,z_score,horizontal_flip,121,0.002439008769911847,1.0,0.606602129475637,0.8732857142857143,,
123,he,z_score,horizontal_flip,122,0.002401633672915133,1.0,0.6085081580010328,0.873,,
123,he,z_score,horizontal_flip,123,0.0023778622845254307,1.0,0.6093485031615604,0.8721428571428571,,
123,he,z_score,horizontal_flip,124,0.0023456722517896976,1.0,0.6106283002279022,0.8715714285714286,,
123,he,z_score,horizontal_flip,125,0.002321986710386617,1.0,0.6110071408477696,0.8727142857142857,,
123,he,z_score,horizontal_flip,126,0.002295733757117497,1.0,0.6119500680403276,0.8724285714285714,,
123,he,z_score,horizontal_flip,127,0.002267415431394641,1.0,0.6127163957465779,0.8725714285714286,,
123,he,z_score,horizontal_flip,128,0.0022427152642714126,1.0,0.6141651182012124,0.8722857142857143,,
123,he,z_score,horizontal_flip,129,0.0022152260072263222,1.0,0.6147366393696178,0.8725714285714286,,
123,he,z_score,horizontal_flip,130,0.002190078904552917,1.0,0.614340606060895,0.872,,
123,he,z_score,horizontal_flip,131,0.0021682859365163105,1.0,0.6161391638896682,0.8724285714285714,,
123,he,z_score,horizontal_flip,132,0.002142326214982729,1.0,0.6175669628110799,0.8725714285714286,,
123,he,z_score,horizontal_flip,133,0.0021173837212180454,1.0,0.6181343482299284,0.8724285714285714,,
123,he,z_score,horizontal_flip,134,0.002092362304850082,1.0,0.6181061540137638,0.8722857142857143,,
123,he,z_score,horizontal_flip,135,0.0020713190375162022,1.0,0.6185563083399426,0.8724285714285714,,
123,he,z_score,horizontal_flip,136,0.0020480885582843,1.0,0.620324185219678,0.873,,
123,he,z_score,horizontal_flip,137,0.0020262037137789386,1.0,0.6214355039325627,0.8727142857142857,,
123,he,z_score,horizontal_flip,138,0.002002916708255985,1.0,0.6212355047464371,0.873,,
123,he,z_score,horizontal_flip,139,0.001984228067781909,1.0,0.6224589538845149,0.8722857142857143,,
123,he,z_score,horizontal_flip,140,0.0019630045972631447,1.0,0.6227373650128191,0.8725714285714286,,
123,he,z_score,horizontal_flip,141,0.0019432873380303916,1.0,0.6237190150401809,0.8718571428571429,,
123,he,z_score,horizontal_flip,142,0.0019217450592467296,1.0,0.6248025291345336,0.8722857142857143,,
123,he,z_score,horizontal_flip,143,0.0019070240891804653,1.0,0.6253747894005341,0.873,,
123,he,z_score,horizontal_flip,144,0.0018869355362507382,1.0,0.6269278932701458,0.8728571428571429,,
123,he,z_score,horizontal_flip,145,0.001866916258420263,1.0,0.6273042183030736,0.8728571428571429,,
123,he,z_score,horizontal_flip,146,0.0018456794313221638,1.0,0.6270130679011345,0.8724285714285714,,
123,he,z_score,horizontal_flip,147,0.001829599904594943,1.0,0.6279218796979297,0.8727142857142857,,
123,he,z_score,horizontal_flip,148,0.0018118076754866967,1.0,0.6296571692282503,0.8728571428571429,,
123,he,z_score,horizontal_flip,149,0.0017947242804802954,1.0,0.6303262159228324,0.8725714285714286,,
123,he,z_score,horizontal_flip,150,0.0017768523508649586,1.0,0.6302707556973804,0.873,,
123,he,z_score,horizontal_flip,151,0.001759500064155353,1.0,0.6311141662976959,0.8727142857142857,,
123,he,z_score,horizontal_flip,152,0.0017417247965931892,1.0,0.6323570660569451,0.8728571428571429,,
123,he,z_score,horizontal_flip,153,0.0017251801627155925,1.0,0.6324248815124686,0.8728571428571429,,
123,he,z_score,horizontal_flip,154,0.0017113413069663303,1.0,0.6334097547964617,0.8728571428571429,,
123,he,z_score,horizontal_flip,155,0.0016953236814255693,1.0,0.6341661003502932,0.8721428571428571,,
123,he,z_score,horizontal_flip,156,0.0016793607883820577,1.0,0.6348538492213596,0.8722857142857143,,
123,he,z_score,horizontal_flip,157,0.001665028315869027,1.0,0.6355205484411933,0.8721428571428571,,
123,he,z_score,horizontal_flip,158,0.0016483445902953722,1.0,0.6362727644768629,0.8725714285714286,,
123,he,z_score,horizontal_flip,159,0.0016350384928019983,1.0,0.6363764013756406,0.8725714285714286,,
123,he,z_score,horizontal_flip,160,0.0016183628176804632,1.0,0.6380093239925124,0.8721428571428571,,
123,he,z_score,horizontal_flip,161,0.00160376910868633,1.0,0.6381657036868009,0.8718571428571429,,
123,he,z_score,horizontal_flip,162,0.001588345386886171,1.0,0.6390384017066522,0.8727142857142857,,
123,he,z_score,horizontal_flip,163,0.001577319788048044,1.0,0.6388888780366291,0.8721428571428571,,
123,he,z_score,horizontal_flip,164,0.0015595798650091248,1.0,0.6397473820231178,0.8724285714285714,,
123,he,z_score,horizontal_flip,165,0.0015502368084188284,1.0,0.6399033936587247,0.8721428571428571,,
123,he,z_score,horizontal_flip,166,0.0015340805524361454,1.0,0.6418708721345121,0.8718571428571429,,
123,he,z_score,horizontal_flip,167,0.001521176094954301,1.0,0.6413985866037282,0.8725714285714286,,
123,he,z_score,horizontal_flip,168,0.0015094088220835797,1.0,0.6431152645837177,0.8724285714285714,,
123,he,z_score,horizontal_flip,169,0.0014976360649702005,1.0,0.6433974287726663,0.8727142857142857,,
123,he,z_score,horizontal_flip,170,0.001485188406326675,1.0,0.6439676115458662,0.8725714285714286,,
123,he,z_score,horizontal_flip,171,0.0014719793740992568,1.0,0.6448805651881478,0.8724285714285714,,
123,he,z_score,horizontal_flip,172,0.001459403860083382,1.0,0.6457083643837409,0.8728571428571429,,
123,he,z_score,horizontal_flip,173,0.0014471700604605888,1.0,0.6449622345241633,0.8721428571428571,,
123,he,z_score,horizontal_flip,174,0.00143587156115765,1.0,0.6457151648673144,0.873,,
123,he,z_score,horizontal_flip,175,0.0014236363911602115,1.0,0.6476653789932078,0.8722857142857143,,
123,he,z_score,horizontal_flip,176,0.0014128631531327431,1.0,0.6477140528234568,0.8722857142857143,,
123,he,z_score,horizontal_flip,177,0.0014039610271408623,1.0,0.6480472537604245,0.8725714285714286,,
123,he,z_score,horizontal_flip,178,0.001391903729277796,1.0,0.6486240030689673,0.8722857142857143,,
123,he,z_score,horizontal_flip,179,0.001378612580176975,1.0,0.6493455511602488,0.8718571428571429,,
123,he,z_score,horizontal_flip,180,0.0013698873318000032,1.0,0.6500716832551089,0.8721428571428571,,
123,he,z_score,horizontal_flip,181,0.0013582713372306899,1.0,0.6502381812442433,0.8725714285714286,,
123,he,z_score,horizontal_flip,182,0.0013477577991683834,1.0,0.6516513871875677,0.8722857142857143,,
123,he,z_score,horizontal_flip,183,0.001336768242513894,1.0,0.6512657431038943,0.8722857142857143,,
123,he,z_score,horizontal_flip,184,0.001326403713652066,1.0,0.6519850278442556,0.8717142857142857,,
123,he,z_score,horizontal_flip,185,0.0013158912091915096,1.0,0.6520334041931413,0.8721428571428571,,
123,he,z_score,horizontal_flip,186,0.001307493763077738,1.0,0.6530080222270706,0.8722857142857143,,
123,he,z_score,horizontal_flip,187,0.0012970503309874663,1.0,0.6537342804399404,0.872,,
123,he,z_score,horizontal_flip,188,0.001286759056716359,1.0,0.6532648262652484,0.8737142857142857,,
123,he,z_score,horizontal_flip,189,0.0012792200871211078,1.0,0.6558427557349205,0.8715714285714286,,
123,he,z_score,horizontal_flip,190,0.0012688909574145718,1.0,0.6552657604217529,0.8725714285714286,,
123,he,z_score,horizontal_flip,191,0.0012588099267200699,1.0,0.6568436641584743,0.8722857142857143,,
123,he,z_score,horizontal_flip,192,0.0012498270203858347,1.0,0.656048371033235,0.8721428571428571,,
123,he,z_score,horizontal_flip,193,0.0012415937770025006,1.0,0.6568115579811009,0.8718571428571429,,
123,he,z_score,horizontal_flip,194,0.0012316558512559693,1.0,0.6584393013607371,0.8724285714285714,,
123,he,z_score,horizontal_flip,195,0.0012232651810960046,1.0,0.6588492412458766,0.8722857142857143,,
123,he,z_score,horizontal_flip,196,0.0012148929486284032,1.0,0.6583818878639828,0.8728571428571429,,
123,he,z_score,horizontal_flip,197,0.0012074289683784757,1.0,0.6594246784394437,0.8725714285714286,,
123,he,z_score,horizontal_flip,198,0.0011978350548140172,1.0,0.6599576179276813,0.8722857142857143,,
123,he,z_score,horizontal_flip,199,0.0011896904095608208,1.0,0.6598383127288385,0.8724285714285714,,
123,he,z_score,horizontal_flip,200,0.0011810052876327453,1.0,0.6601028680801392,0.872,0.8801428571428571,200.0
12345,he,z_score,horizontal_flip,1,0.6530175941331046,0.7759375,0.5268819204785608,0.8174285714285714,,
12345,he,z_score,horizontal_flip,2,0.41621553621121815,0.8541517857142857,0.4728765215386044,0.8328571428571429,,
12345,he,z_score,horizontal_flip,3,0.34584579876491,0.8811160714285714,0.4394507298415357,0.8475714285714285,,
12345,he,z_score,horizontal_flip,4,0.299638851412705,0.8986607142857143,0.43340438211506066,0.8505714285714285,,
12345,he,z_score,horizontal_flip,5,0.2641051906985896,0.9141071428571429,0.4302526446906003,0.8502857142857143,,
12345,he,z_score,horizontal_flip,6,0.2347208469893251,0.9225446428571429,0.420759779214859,0.855,,
12345,he,z_score,horizontal_flip,7,0.2107487548674856,0.9339732142857143,0.43475906564430755,0.8462857142857143,,
12345,he,z_score,horizontal_flip,8,0.18896357674683845,0.94375,0.4195208391005343,0.8574285714285714,,
12345,he,z_score,horizontal_flip,9,0.16999857006328448,0.9505357142857143,0.42475893809036774,0.8568571428571429,,
12345,he,z_score,horizontal_flip,10,0.15390784434974195,0.9572767857142858,0.4216378924521533,0.8542857142857143,,
12345,he,z_score,horizontal_flip,11,0.13878799209637302,0.9647767857142857,0.431206713616848,0.8562857142857143,,
12345,he,z_score,horizontal_flip,12,0.12689287115420614,0.9692857142857143,0.4312652995640581,0.856,,
12345,he,z_score,horizontal_flip,13,0.11428420022130012,0.9728571428571429,0.431950239024379,0.8592857142857143,,
12345,he,z_score,horizontal_flip,14,0.10444709314831666,0.9754910714285714,0.43597733202305705,0.8581428571428571,,
12345,he,z_score,horizontal_flip,15,0.09453040425798723,0.9801339285714286,0.44013503857634284,0.8612857142857143,,
12345,he,z_score,horizontal_flip,16,0.08660029991396836,0.9831696428571428,0.4434487074613571,0.8595714285714285,,
12345,he,z_score,horizontal_flip,17,0.07854345687798091,0.9858482142857142,0.45307968787171626,0.857,,
12345,he,z_score,horizontal_flip,18,0.07185565310929502,0.9876339285714286,0.45025870407169516,0.8601428571428571,,
12345,he,z_score,horizontal_flip,19,0.06578584896666663,0.9901339285714286,0.45895801836794076,0.8578571428571429,,
12345,he,z_score,horizontal_flip,20,0.060515193875346866,0.9920982142857143,0.47177784754471347,0.8582857142857143,,
12345,he,z_score,horizontal_flip,21,0.05540895438087838,0.9935267857142858,0.4703428627415137,0.8588571428571429,,
12345,he,z_score,horizontal_flip,22,0.05115455832864557,0.9946875,0.4695686172355305,0.858,,
12345,he,z_score,horizontal_flip,23,0.04721590512831296,0.9957142857142857,0.4719564150680195,0.8608571428571429,,
12345,he,z_score,horizontal_flip,24,0.043860763420483895,0.9964732142857143,0.4837731881575151,0.8584285714285714,,
12345,he,z_score,horizontal_flip,25,0.04034673930278846,0.996875,0.48281757181340995,0.8592857142857143,,
12345,he,z_score,horizontal_flip,26,0.037550311051309106,0.9972767857142857,0.4864061062986201,0.86,,
12345,he,z_score,horizontal_flip,27,0.03435946036928467,0.9983482142857143,0.4919009594754739,0.8621428571428571,,
12345,he,z_score,horizontal_flip,28,0.0325584973181997,0.9984375,0.4949132319201123,0.862,,
12345,he,z_score,horizontal_flip,29,0.030589969607868365,0.9984375,0.499676644124768,0.8608571428571429,,
12345,he,z_score,horizontal_flip,30,0.028261268162833794,0.9988839285714286,0.5029699152166193,0.8605714285714285,,
12345,he,z_score,horizontal_flip,31,0.026627041513898542,0.9989285714285714,0.5107752297412266,0.8604285714285714,,
12345,he,z_score,horizontal_flip,32,0.024946221815688268,0.9990625,0.5104471504688263,0.8584285714285714,,
12345,he,z_score,horizontal_flip,33,0.023565004079469612,0.9995089285714286,0.5180699265815994,0.8601428571428571,,
12345,he,z_score,horizontal_flip,34,0.022092471434069533,0.9995535714285714,0.520990341630849,0.8581428571428571,,
12345,he,z_score,horizontal_flip,35,0.02089524688997439,0.9997321428571428,0.5278725442561236,0.858,,
12345,he,z_score,horizontal_flip,36,0.0199032029522849,0.9996428571428572,0.526368195224892,0.8597142857142858,,
12345,he,z_score,horizontal_flip,37,0.018821226488798855,0.9997767857142857,0.5320045579563487,0.8594285714285714,,
12345,he,z_score,horizontal_flip,38,0.01776308896552239,0.9996875,0.5331240041689439,0.859,,
12345,he,z_score,horizontal_flip,39,0.017004863100924663,0.9998214285714285,0.5381372916427526,0.8588571428571429,,
12345,he,z_score,horizontal_flip,40,0.01612562883113112,0.9999553571428571,0.5390271433375099,0.8594285714285714,,
12345,he,z_score,horizontal_flip,41,0.015394068156768168,0.9998660714285714,0.5439696339043704,0.8608571428571429,,
12345,he,z_score,horizontal_flip,42,0.014678353361253227,0.9999553571428571,0.546399901536378,0.8614285714285714,,
12345,he,z_score,horizontal_flip,43,0.0139651532231697,0.9999553571428571,0.548635157942772,0.8605714285714285,,
12345,he,z_score,horizontal_flip,44,0.01341386094423277,1.0,0.5534802423282104,0.859,,
12345,he,z_score,horizontal_flip,45,0.012878658824733326,1.0,0.5529541739008643,0.8604285714285714,,
12345,he,z_score,horizontal_flip,46,0.01240629986726812,1.0,0.5570628816431219,0.8597142857142858,,
12345,he,z_score,horizontal_flip,47,0.011916541811078787,1.0,0.5626467278057878,0.8605714285714285,,
12345,he,z_score,horizontal_flip,48,0.011471390992935215,1.0,0.5649388427084142,0.8594285714285714,,
12345,he,z_score,horizontal_flip,49,0.010939812724079404,1.0,0.5675019440325824,0.8598571428571429,,
12345,he,z_score,horizontal_flip,50,0.010580111473266568,1.0,0.5687750825827772,0.8588571428571429,,
12345,he,z_score,horizontal_flip,51,0.010201622298253435,1.0,0.5735399866645986,0.8602857142857143,,
12345,he,z_score,horizontal_flip,52,0.00985912125557661,1.0,0.5752230606295846,0.8607142857142858,,
12345,he,z_score,horizontal_flip,53,0.009524158319192273,1.0,0.5796091717752543,0.8587142857142858,,
12345,he,z_score,horizontal_flip,54,0.009228319775845322,1.0,0.5784934289076111,0.8597142857142858,,
12345,he,z_score,horizontal_flip,55,0.00888898723625711,1.0,0.5843952071937648,0.8601428571428571,,
12345,he,z_score,horizontal_flip,56,0.008605656078351396,1.0,0.5860457490790975,0.859,,
12345,he,z_score,horizontal_flip,57,0.008370796934302364,1.0,0.5884574941613457,0.8594285714285714,,
12345,he,z_score,horizontal_flip,58,0.008123638327233493,1.0,0.5894490460103209,0.8605714285714285,,
12345,he,z_score,horizontal_flip,59,0.007883699489092188,1.0,0.5906638012690978,0.86,,
12345,he,z_score,horizontal_flip,60,0.007687034976136472,1.0,0.5948628421534191,0.8592857142857143,,
12345,he,z_score,horizontal_flip,61,0.007434161914113377,1.0,0.5956044683402235,0.8602857142857143,,
12345,he,z_score,horizontal_flip,62,0.007248002093817507,1.0,0.5991547427394174,0.8604285714285714,,
12345,he,z_score,horizontal_flip,63,0.007011671110854617,1.0,0.5996290496804497,0.8595714285714285,,
12345,he,z_score,horizontal_flip,64,0.006832962052763573,1.0,0.6044568189165809,0.86,,
12345,he,z_score,horizontal_flip,65,0.006653516301885248,1.0,0.6042916231534697,0.8608571428571429,,
12345,he,z_score,horizontal_flip,66,0.006501785213393825,1.0,0.6062187885696237,0.8601428571428571,,
12345,he,z_score,horizontal_flip,67,0.006305948241081621,1.0,0.6071874153884974,0.8608571428571429,,
12345,he,z_score,horizontal_flip,68,0.006170486901620669,1.0,0.6095157524401491,0.8604285714285714,,
12345,he,z_score,horizontal_flip,69,0.006031572852682855,1.0,0.6126086743040519,0.8598571428571429,,
12345,he,z_score,horizontal_flip,70,0.005884710502411638,1.0,0.6158083875070919,0.8602857142857143,,
12345,he,z_score,horizontal_flip,71,0.005731485822304551,1.0,0.6177924801002849,0.86,,
12345,he,z_score,horizontal_flip,72,0.005597383402221437,1.0,0.6179241105914116,0.8601428571428571,,
12345,he,z_score,horizontal_flip,73,0.005462357530237308,1.0,0.618578223071315,0.8602857142857143,,
12345,he,z_score,horizontal_flip,74,0.005356359121256641,1.0,0.6245503868569028,0.8602857142857143,,
12345,he,z_score,horizontal_flip,75,0.005231092819012701,1.0,0.6228064436804165,0.8602857142857143,,
12345,he,z_score,horizontal_flip,76,0.005105575039716703,1.0,0.624933925000104,0.8604285714285714,,
12345,he,z_score,horizontal_flip,77,0.005017891034616956,1.0,0.626319211315025,0.8611428571428571,,
12345,he,z_score,horizontal_flip,78,0.004910723806159305,1.0,0.6271837430921468,0.8611428571428571,,
12345,he,z_score,horizontal_flip,79,0.004809891314112714,1.0,0.6299351436170665,0.8595714285714285,,
12345,he,z_score,horizontal_flip,80,0.0047178795581151334,1.0,0.6317956402897835,0.8598571428571429,,
12345,he,z_score,horizontal_flip,81,0.004606572804373822,1.0,0.6338747252117504,0.8598571428571429,,
12345,he,z_score,horizontal_flip,82,0.004523304375221154,1.0,0.6353897396813739,0.8605714285714285,,
12345,he,z_score,horizontal_flip,83,0.004433086980134249,1.0,0.6355151001702656,0.8604285714285714,,
12345,he,z_score,horizontal_flip,84,0.004354488209023007,1.0,0.6383668421344324,0.8595714285714285,,
12345,he,z_score,horizontal_flip,85,0.004270177277669843,1.0,0.6385050388899717,0.8605714285714285,,
12345,he,z_score,horizontal_flip,86,0.004177459913438985,1.0,0.639789953963323,0.8591428571428571,,
12345,he,z_score,horizontal_flip,87,0.004106823394540698,1.0,0.6410817838527939,0.8607142857142858,,
12345,he,z_score,horizontal_flip,88,0.004041086089730795,1.0,0.6438172874125567,0.8601428571428571,,
12345,he,z_score,horizontal_flip,89,0.0039581753719331965,1.0,0.6446620450778441,0.8601428571428571,,
12345,he,z_score,horizontal_flip,90,0.0038891260369148637,1.0,0.6451465849171986,0.8602857142857143,,
12345,he,z_score,horizontal_flip,91,0.003826555220543274,1.0,0.6484249265356498,0.8595714285714285,,
12345,he,z_score,horizontal_flip,92,0.0037625493817696615,1.0,0.6465462131933732,0.86,,
12345,he,z_score,horizontal_flip,93,0.0037044191377104394,1.0,0.6490079375830564,0.8614285714285714,,
12345,he,z_score,horizontal_flip,94,0.003633106676196413,1.0,0.6493777344172651,0.8604285714285714,,
12345,he,z_score,horizontal_flip,95,0.0035807019618472884,1.0,0.6533992310816591,0.8602857142857143,,
12345,he,z_score,horizontal_flip,96,0.003514886785498155,1.0,0.653787270730192,0.8604285714285714,,
12345,he,z_score,horizontal_flip,97,0.003465363354023014,1.0,0.6549082793972709,0.8602857142857143,,
12345,he,z_score,horizontal_flip,98,0.003409681998392833,1.0,0.6585479844700206,0.8588571428571429,,
12345,he,z_score,horizontal_flip,99,0.0033563295156428855,1.0,0.6584633563052524,0.8607142857142858,,
12345,he,z_score,horizontal_flip,100,0.0033023895755676285,1.0,0.6607256892052564,0.8597142857142858,,
12345,he,z_score,horizontal_flip,101,0.0032510811466324543,1.0,0.6621233768083833,0.8594285714285714,,
12345,he,z_score,horizontal_flip,102,0.003206820070876607,1.0,0.6617349090901288,0.8605714285714285,,
12345,he,z_score,horizontal_flip,103,0.0031528929037241533,1.0,0.6607846415855668,0.8602857142857143,,
12345,he,z_score,horizontal_flip,104,0.0031145404924505524,1.0,0.6643670378760858,0.8598571428571429,,
12345,he,z_score,horizontal_flip,105,0.0030613166867156645,1.0,0.665194174376401,0.8605714285714285,,
12345,he,z_score,horizontal_flip,106,0.00301442355283403,1.0,0.6656058725985614,0.8607142857142858,,
12345,he,z_score,horizontal_flip,107,0.00297456668689847,1.0,0.6667240493676879,0.8605714285714285,,
12345,he,z_score,horizontal_flip,108,0.0029316532242644046,1.0,0.668905577740886,0.86,,
12345,he,z_score,horizontal_flip,109,0.002887313956993499,1.0,0.67172442891381,0.8595714285714285,,
12345,he,z_score,horizontal_flip,110,0.0028537474699052317,1.0,0.670980380340056,0.8602857142857143,,
12345,he,z_score,horizontal_flip,111,0.002810173850240452,1.0,0.6714907902208241,0.8604285714285714,,
12345,he,z_score,horizontal_flip,112,0.002769883883717869,1.0,0.6749410320412029,0.8594285714285714,,
12345,he,z_score,horizontal_flip,113,0.0027323528560477175,1.0,0.6752259341153232,0.8607142857142858,,
12345,he,z_score,horizontal_flip,114,0.002698508168936574,1.0,0.6769268262115392,0.8598571428571429,,
12345,he,z_score,horizontal_flip,115,0.002665390883672184,1.0,0.67684664292769,0.8601428571428571,,
12345,he,z_score,horizontal_flip,116,0.0026295324807454434,1.0,0.6780116105621511,0.8602857142857143,,
12345,he,z_score,horizontal_flip,117,0.002594609917474112,1.0,0.6785723431543871,0.8604285714285714,,
12345,he,z_score,horizontal_flip,118,0.002562163838052324,1.0,0.6793505896221508,0.8604285714285714,,
12345,he,z_score,horizontal_flip,119,0.0025314251448227357,1.0,0.6807347391139377,0.8602857142857143,,
12345,he,z_score,horizontal_flip,120,0.0025017975570101824,1.0,0.6813771203160286,0.86,,
12345,he,z_score,horizontal_flip,121,0.0024684025017943766,1.0,0.6830651291392066,0.8598571428571429,,
12345,he,z_score,horizontal_flip,122,0.0024371836001851727,1.0,0.684318648007783,0.86,,
12345,he,z_score,horizontal_flip,123,0.0024068135420592237,1.0,0.6833703745495189,0.8604285714285714,,
12345,he,z_score,horizontal_flip,124,0.0023760765268733457,1.0,0.6869799110022459,0.8604285714285714,,
12345,he,z_score,horizontal_flip,125,0.0023530102823860945,1.0,0.6869046818126332,0.8602857142857143,,
12345,he,z_score,horizontal_flip,126,0.0023181060069639766,1.0,0.6880665559660305,0.8602857142857143,,
12345,he,z_score,horizontal_flip,127,0.0022955121091633502,1.0,0.6877092163671147,0.861,,
12345,he,z_score,horizontal_flip,128,0.00226374043101844,1.0,0.6902016001668844,0.8597142857142858,,
12345,he,z_score,horizontal_flip,129,0.0022450679113223617,1.0,0.6896836696700617,0.8604285714285714,,
12345,he,z_score,horizontal_flip,130,0.0022194208736930573,1.0,0.691900456358086,0.8597142857142858,,
12345,he,z_score,horizontal_flip,131,0.002191843780788726,1.0,0.6916167039762844,0.8607142857142858,,
12345,he,z_score,horizontal_flip,132,0.0021646645726702573,1.0,0.6941822969100692,0.8597142857142858,,
12345,he,z_score,horizontal_flip,133,0.0021417487668804825,1.0,0.694140393354676,0.8608571428571429,,
12345,he,z_score,horizontal_flip,134,0.0021186740190855093,1.0,0.6949961146170442,0.8611428571428571,,
12345,he,z_score,horizontal_flip,135,0.002093632343790627,1.0,0.6949177893725309,0.8597142857142858,,
12345,he,z_score,horizontal_flip,136,0.002072668307228014,1.0,0.6959877667101947,0.861,,
12345,he,z_score,horizontal_flip,137,0.002049417622952855,1.0,0.6979513840241865,0.8597142857142858,,
12345,he,z_score,horizontal_flip,138,0.0020295209911585384,1.0,0.6984403967857361,0.8602857142857143,,
12345,he,z_score,horizontal_flip,139,0.002008222444814497,1.0,0.6991471071134914,0.8605714285714285,,
12345,he,z_score,horizontal_flip,140,0.001984758485175137,1.0,0.6998235843398354,0.8602857142857143,,
12345,he,z_score,horizontal_flip,141,0.0019651047007313797,1.0,0.6998836822130463,0.8602857142857143,,
12345,he,z_score,horizontal_flip,142,0.0019433861245800343,1.0,0.7026425285772844,0.86,,
12345,he,z_score,horizontal_flip,143,0.0019277915002645126,1.0,0.7031415661627596,0.8601428571428571,,
12345,he,z_score,horizontal_flip,144,0.0019041452398856303,1.0,0.7034185696731914,0.86,,
12345,he,z_score,horizontal_flip,145,0.001886690919054672,1.0,0.7049440266056495,0.8604285714285714,,
12345,he,z_score,horizontal_flip,146,0.001867105353324275,1.0,0.7067002125761725,0.8597142857142858,,
12345,he,z_score,horizontal_flip,147,0.0018455163113373732,1.0,0.7055663314732639,0.8607142857142858,,
12345,he,z_score,horizontal_flip,148,0.0018271888441605758,1.0,0.7069476608525623,0.8601428571428571,,
12345,he,z_score,horizontal_flip,149,0.0018099894753790327,1.0,0.7102696486494758,0.86,,
12345,he,z_score,horizontal_flip,150,0.0017954419411918415,1.0,0.7085433786565607,0.8604285714285714,,
12345,he,z_score,horizontal_flip,151,0.001779466768493876,1.0,0.7097720438783819,0.8602857142857143,,
12345,he,z_score,horizontal_flip,152,0.0017613364255521446,1.0,0.7102953630414877,0.8597142857142858,,
12345,he,z_score,horizontal_flip,153,0.0017448521734747503,1.0,0.7107732076536525,0.8611428571428571,,
12345,he,z_score,horizontal_flip,154,0.0017296802438795567,1.0,0.7116452553055503,0.8598571428571429,,
12345,he,z_score,horizontal_flip,155,0.0017127585850123849,1.0,0.7125811633738605,0.8604285714285714,,
12345,he,z_score,horizontal_flip,156,0.0016954004631510803,1.0,0.7125970138744875,0.8605714285714285,,
12345,he,z_score,horizontal_flip,157,0.0016790853725147568,1.0,0.7140106172724203,0.8602857142857143,,
12345,he,z_score,horizontal_flip,158,0.0016667162575426378,1.0,0.7161211678927595,0.8592857142857143,,
12345,he,z_score,horizontal_flip,159,0.001651130267418921,1.0,0.7151344820857048,0.8601428571428571,,
12345,he,z_score,horizontal_flip,160,0.0016354567600813294,1.0,0.715715888413516,0.8598571428571429,,
12345,he,z_score,horizontal_flip,161,0.0016197502661296833,1.0,0.7160663095387545,0.8611428571428571,,
12345,he,z_score,horizontal_flip,162,0.0016072621188193028,1.0,0.7177792125127532,0.8608571428571429,,
12345,he,z_score,horizontal_flip,163,0.001591323176066258,1.0,0.7174741502512585,0.8602857142857143,,
12345,he,z_score,horizontal_flip,164,0.0015795095743877548,1.0,0.718275697664781,0.8605714285714285,,
12345,he,z_score,horizontal_flip,165,0.001566200838923188,1.0,0.720263221859932,0.8601428571428571,,
12345,he,z_score,horizontal_flip,166,0.0015506145966771457,1.0,0.7217693598432975,0.8594285714285714,,
12345,he,z_score,horizontal_flip,167,0.001536735462224377,1.0,0.7209696101871403,0.861,,
12345,he,z_score,horizontal_flip,168,0.0015245684041708175,1.0,0.7218405444513668,0.8612857142857143,,
12345,he,z_score,horizontal_flip,169,0.0015119659325240978,1.0,0.7234544833952731,0.8594285714285714,,
12345,he,z_score,horizontal_flip,170,0.0015016561826424939,1.0,0.7241985811428591,0.86,,
12345,he,z_score,horizontal_flip,171,0.0014851833045083497,1.0,0.7248812139034271,0.8612857142857143,,
12345,he,z_score,horizontal_flip,172,0.0014762815239373595,1.0,0.7260192440314727,0.8601428571428571,,
12345,he,z_score,horizontal_flip,173,0.001463189925665834,1.0,0.7262647605755113,0.86,,
12345,he,z_score,horizontal_flip,174,0.0014491663372609765,1.0,0.7261595319617878,0.8602857142857143,,
12345,he,z_score,horizontal_flip,175,0.0014394583752644914,1.0,0.7274138716134158,0.8595714285714285,,
12345,he,z_score,horizontal_flip,176,0.001426525359108512,1.0,0.7280094692652875,0.86,,
12345,he,z_score,horizontal_flip,177,0.0014149812139969851,1.0,0.7279133486476812,0.8602857142857143,,
12345,he,z_score,horizontal_flip,178,0.0014031018085578191,1.0,0.7290588861162012,0.8605714285714285,,
12345,he,z_score,horizontal_flip,179,0.001392877658197124,1.0,0.7304423882202669,0.86,,
12345,he,z_score,horizontal_flip,180,0.0013825054298753716,1.0,0.7297435989434069,0.861,,
12345,he,z_score,horizontal_flip,181,0.0013722834894101003,1.0,0.7312646907838908,0.8608571428571429,,
12345,he,z_score,horizontal_flip,182,0.0013597951209106084,1.0,0.73058158186349,0.861,,
12345,he,z_score,horizontal_flip,183,0.0013502561810725768,1.0,0.7331852175972678,0.8594285714285714,,
12345,he,z_score,horizontal_flip,184,0.0013415604530434523,1.0,0.7332902855493806,0.86,,
12345,he,z_score,horizontal_flip,185,0.0013295598620814936,1.0,0.7335570732300932,0.8608571428571429,,
12345,he,z_score,horizontal_flip,186,0.0013176371276910816,1.0,0.7353712454438209,0.86,,
12345,he,z_score,horizontal_flip,187,0.0013101555305599635,1.0,0.7343331145969304,0.8608571428571429,,
12345,he,z_score,horizontal_flip,188,0.0013013376179982774,1.0,0.7354992932894013,0.8604285714285714,,
12345,he,z_score,horizontal_flip,189,0.00129028299050073,1.0,0.7356975984844294,0.8611428571428571,,
12345,he,z_score,horizontal_flip,190,0.0012806681761451599,1.0,0.7366846294565634,0.8604285714285714,,
12345,he,z_score,horizontal_flip,191,0.001271917423499482,1.0,0.7367768247019161,0.8607142857142858,,
12345,he,z_score,horizontal_flip,192,0.0012634153215081564,1.0,0.7385658568956636,0.8595714285714285,,
12345,he,z_score,horizontal_flip,193,0.0012519650099732515,1.0,0.7379910374229605,0.8605714285714285,,
12345,he,z_score,horizontal_flip,194,0.0012441682407266592,1.0,0.7391233812678945,0.8605714285714285,,
12345,he,z_score,horizontal_flip,195,0.0012349193080029052,1.0,0.7404812138188969,0.8602857142857143,,
12345,he,z_score,horizontal_flip,196,0.0012265723890491893,1.0,0.7402016119523482,0.861,,
12345,he,z_score,horizontal_flip,197,0.0012165453200993527,1.0,0.741502304781567,0.8598571428571429,,
12345,he,z_score,horizontal_flip,198,0.0012078067957190797,1.0,0.7413213133811951,0.86,,
12345,he,z_score,horizontal_flip,199,0.0011981465293294084,1.0,0.7436392705548893,0.86,,
12345,he,z_score,horizontal_flip,200,0.0011921486315882898,1.0,0.742892165211114,0.8601428571428571,0.869,200.0
